vt,slide_id,mirax_id,stage,orientation,metasys_id,dirname
013456,DA4985F93FE04AF2936C423F6452DCCA,1,stg9-10,dorsal,473,20120907/013456~B
013456,DA4985F93FE04AF2936C423F6452DCCA,2,stg7-8,lateral,472,20120907/013456~B
013456,DA4985F93FE04AF2936C423F6452DCCA,3,stg4-6,dorsal,471,20120907/013456~B
013456,DA4985F93FE04AF2936C423F6452DCCA,4,unfertilized,lateral,468,20120907/013456~B
013456,DA4985F93FE04AF2936C423F6452DCCA,5,stg15-16,dorsal,464,20120907/013456~B
013456,DA4985F93FE04AF2936C423F6452DCCA,6,stg1-3,dorsal,463,20120907/013456~B
013456,DA4985F93FE04AF2936C423F6452DCCA,8,stg15-16,lateral,460,20120907/013456~B
013456,DA4985F93FE04AF2936C423F6452DCCA,9,stg15-16,dorsal,448,20120907/013456~B
013456,DA4985F93FE04AF2936C423F6452DCCA,10,stg13-14,oblique-lateral,447,20120907/013456~B
013456,DA4985F93FE04AF2936C423F6452DCCA,11,stg13-14,oblique-lateral,441,20120907/013456~B
013456,DA4985F93FE04AF2936C423F6452DCCA,12,stg13-14,lateral,440,20120907/013456~B
013456,DA4985F93FE04AF2936C423F6452DCCA,13,damaged,,439,20120907/013456~B
013456,DA4985F93FE04AF2936C423F6452DCCA,15,stg9-10,dorsal,430,20120907/013456~B
013456,DA4985F93FE04AF2936C423F6452DCCA,16,,oblique-dorsal,426,20120907/013456~B
013456,DA4985F93FE04AF2936C423F6452DCCA,19,stg13-14,dorsal,421,20120907/013456~B
013456,DA4985F93FE04AF2936C423F6452DCCA,20,stg13-14,oblique-lateral,422,20120907/013456~B
013456,DA4985F93FE04AF2936C423F6452DCCA,21,stg13-14,lateral,408,20120907/013456~B
013456,DA4985F93FE04AF2936C423F6452DCCA,22,stg15-16,dorsal,410,20120907/013456~B
013456,DA4985F93FE04AF2936C423F6452DCCA,23,stg7-8,lateral,407,20120907/013456~B
013456,DA4985F93FE04AF2936C423F6452DCCA,24,stg15-16,dorsal,395,20120907/013456~B
013456,DA4985F93FE04AF2936C423F6452DCCA,25,stg15-16,oblique-lateral,394,20120907/013456~B
013456,DA4985F93FE04AF2936C423F6452DCCA,26,stg13-14,dorsal,383,20120907/013456~B
013456,DA4985F93FE04AF2936C423F6452DCCA,27,stg1-3,oblique-dorsal,382,20120907/013456~B
013456,DA4985F93FE04AF2936C423F6452DCCA,28,stg11-12,lateral,369,20120907/013456~B
013456,DA4985F93FE04AF2936C423F6452DCCA,29,stg13-14,oblique-dorsal,368,20120907/013456~B
013456,DA4985F93FE04AF2936C423F6452DCCA,30,stg9-10,dorsal,362,20120907/013456~B
013456,DA4985F93FE04AF2936C423F6452DCCA,31,stg11-12,dorsal,361,20120907/013456~B
013456,DA4985F93FE04AF2936C423F6452DCCA,32,stg11-12,oblique-dorsal,343,20120907/013456~B
013456,DA4985F93FE04AF2936C423F6452DCCA,33,stg11-12,oblique-lateral,342,20120907/013456~B
013456,DA4985F93FE04AF2936C423F6452DCCA,34,stg15-16,oblique-dorsal,321,20120907/013456~B
013456,DA4985F93FE04AF2936C423F6452DCCA,35,stg15-16,oblique-lateral,320,20120907/013456~B
013456,DA4985F93FE04AF2936C423F6452DCCA,36,unfertilized,oblique-dorsal,311,20120907/013456~B
013456,DA4985F93FE04AF2936C423F6452DCCA,38,stg11-12,oblique-lateral,303,20120907/013456~B
013456,DA4985F93FE04AF2936C423F6452DCCA,39,stg13-14,oblique-lateral,302,20120907/013456~B
013456,DA4985F93FE04AF2936C423F6452DCCA,40,stg13-14,oblique-dorsal,300,20120907/013456~B
013456,DA4985F93FE04AF2936C423F6452DCCA,41,stg4-6,oblique-lateral,299,20120907/013456~B
013456,DA4985F93FE04AF2936C423F6452DCCA,42,stg15-16,oblique-lateral,293,20120907/013456~B
013456,DA4985F93FE04AF2936C423F6452DCCA,43,unfertilized,oblique-lateral,292,20120907/013456~B
013456,DA4985F93FE04AF2936C423F6452DCCA,44,stg11-12,oblique-dorsal,287,20120907/013456~B
013456,DA4985F93FE04AF2936C423F6452DCCA,45,stg15-16,oblique-lateral,286,20120907/013456~B
013456,DA4985F93FE04AF2936C423F6452DCCA,46,stg11-12,dorsal,283,20120907/013456~B
013456,DA4985F93FE04AF2936C423F6452DCCA,47,stg11-12,dorsal,282,20120907/013456~B
013456,DA4985F93FE04AF2936C423F6452DCCA,48,stg13-14,oblique-dorsal,277,20120907/013456~B
013456,DA4985F93FE04AF2936C423F6452DCCA,49,stg15-16,oblique-dorsal,276,20120907/013456~B
013456,DA4985F93FE04AF2936C423F6452DCCA,50,stg13-14,lateral,274,20120907/013456~B
013456,DA4985F93FE04AF2936C423F6452DCCA,51,stg13-14,lateral,273,20120907/013456~B
013456,DA4985F93FE04AF2936C423F6452DCCA,52,stg13-14,oblique-dorsal,263,20120907/013456~B
013456,DA4985F93FE04AF2936C423F6452DCCA,53,stg13-14,lateral,262,20120907/013456~B
013456,DA4985F93FE04AF2936C423F6452DCCA,54,stg13-14,lateral,256,20120907/013456~B
013456,DA4985F93FE04AF2936C423F6452DCCA,57,stg11-12,oblique-dorsal,241,20120907/013456~B
013456,DA4985F93FE04AF2936C423F6452DCCA,58,stg15-16,oblique-dorsal,240,20120907/013456~B
013456,DA4985F93FE04AF2936C423F6452DCCA,59,stg15-16,oblique-dorsal,235,20120907/013456~B
013456,DA4985F93FE04AF2936C423F6452DCCA,60,stg15-16,oblique-dorsal,234,20120907/013456~B
013456,DA4985F93FE04AF2936C423F6452DCCA,61,stg11-12,dorsal,216,20120907/013456~B
013456,DA4985F93FE04AF2936C423F6452DCCA,62,stg13-14,lateral,215,20120907/013456~B
013456,DA4985F93FE04AF2936C423F6452DCCA,63,stg13-14,oblique-dorsal,209,20120907/013456~B
013456,DA4985F93FE04AF2936C423F6452DCCA,64,stg15-16,dorsal,208,20120907/013456~B
013456,DA4985F93FE04AF2936C423F6452DCCA,65,stg13-14,lateral,205,20120907/013456~B
013456,DA4985F93FE04AF2936C423F6452DCCA,66,stg15-16,oblique-lateral,204,20120907/013456~B
013456,DA4985F93FE04AF2936C423F6452DCCA,67,stg9-10,oblique-lateral,199,20120907/013456~B
013456,DA4985F93FE04AF2936C423F6452DCCA,68,stg15-16,dorsal,198,20120907/013456~B
013456,DA4985F93FE04AF2936C423F6452DCCA,71,,oblique-dorsal,191,20120907/013456~B
013456,DA4985F93FE04AF2936C423F6452DCCA,72,stg9-10,lateral,190,20120907/013456~B
013456,DA4985F93FE04AF2936C423F6452DCCA,73,stg13-14,oblique-lateral,189,20120907/013456~B
013456,DA4985F93FE04AF2936C423F6452DCCA,74,stg11-12,oblique-lateral,188,20120907/013456~B
013456,DA4985F93FE04AF2936C423F6452DCCA,75,stg9-10,lateral,183,20120907/013456~B
013456,DA4985F93FE04AF2936C423F6452DCCA,76,stg15-16,oblique-dorsal,182,20120907/013456~B
013456,DA4985F93FE04AF2936C423F6452DCCA,77,stg11-12,oblique-lateral,172,20120907/013456~B
013456,DA4985F93FE04AF2936C423F6452DCCA,78,stg13-14,oblique-dorsal,171,20120907/013456~B
013456,DA4985F93FE04AF2936C423F6452DCCA,79,stg15-16,dorsal,168,20120907/013456~B
013456,DA4985F93FE04AF2936C423F6452DCCA,80,stg7-8,dorsal,167,20120907/013456~B
013456,DA4985F93FE04AF2936C423F6452DCCA,81,stg9-10,dorsal,158,20120907/013456~B
013456,DA4985F93FE04AF2936C423F6452DCCA,82,stg9-10,oblique-lateral,157,20120907/013456~B
013456,DA4985F93FE04AF2936C423F6452DCCA,83,stg13-14,lateral,144,20120907/013456~B
013456,DA4985F93FE04AF2936C423F6452DCCA,84,stg13-14,oblique-dorsal,138,20120907/013456~B
013456,DA4985F93FE04AF2936C423F6452DCCA,85,stg15-16,dorsal,137,20120907/013456~B
013456,DA4985F93FE04AF2936C423F6452DCCA,86,stg13-14,oblique-lateral,128,20120907/013456~B
013456,DA4985F93FE04AF2936C423F6452DCCA,87,stg11-12,oblique-lateral,129,20120907/013456~B
013456,DA4985F93FE04AF2936C423F6452DCCA,88,stg13-14,lateral,127,20120907/013456~B
013456,DA4985F93FE04AF2936C423F6452DCCA,89,stg7-8,lateral,123,20120907/013456~B
013456,DA4985F93FE04AF2936C423F6452DCCA,90,stg15-16,dorsal,122,20120907/013456~B
013456,DA4985F93FE04AF2936C423F6452DCCA,93,stg15-16,oblique-lateral,100,20120907/013456~B
013456,DA4985F93FE04AF2936C423F6452DCCA,94,stg15-16,oblique-dorsal,99,20120907/013456~B
013456,DA4985F93FE04AF2936C423F6452DCCA,95,stg13-14,lateral,98,20120907/013456~B
013456,DA4985F93FE04AF2936C423F6452DCCA,96,stg11-12,lateral,86,20120907/013456~B
013456,DA4985F93FE04AF2936C423F6452DCCA,97,damaged,oblique-lateral,92,20120907/013456~B
013456,DA4985F93FE04AF2936C423F6452DCCA,98,stg13-14,oblique-dorsal,88,20120907/013456~B
013456,DA4985F93FE04AF2936C423F6452DCCA,99,stg15-16,lateral,79,20120907/013456~B
013456,DA4985F93FE04AF2936C423F6452DCCA,100,,dorsal,62,20120907/013456~B
013456,DA4985F93FE04AF2936C423F6452DCCA,102,stg13-14,oblique-dorsal,57,20120907/013456~B
013456,DA4985F93FE04AF2936C423F6452DCCA,104,stg15-16,oblique-dorsal,49,20120907/013456~B
013456,DA4985F93FE04AF2936C423F6452DCCA,105,stg11-12,lateral,48,20120907/013456~B
013456,DA4985F93FE04AF2936C423F6452DCCA,108,stg13-14,oblique-lateral,43,20120907/013456~B
013456,DA4985F93FE04AF2936C423F6452DCCA,110,stg13-14,oblique-dorsal,39,20120907/013456~B
013456,DA4985F93FE04AF2936C423F6452DCCA,111,unfertilized,lateral,30,20120907/013456~B
013456,DA4985F93FE04AF2936C423F6452DCCA,112,stg9-10,oblique-lateral,29,20120907/013456~B
013456,DA4985F93FE04AF2936C423F6452DCCA,113,stg13-14,dorsal,24,20120907/013456~B
013456,DA4985F93FE04AF2936C423F6452DCCA,114,stg1-3,oblique-dorsal,23,20120907/013456~B
013456,DA4985F93FE04AF2936C423F6452DCCA,115,stg15-16,dorsal,19,20120907/013456~B
013456,DA4985F93FE04AF2936C423F6452DCCA,117,stg11-12,lateral,21,20120907/013456~B
013456,DA4985F93FE04AF2936C423F6452DCCA,118,,oblique-dorsal,20,20120907/013456~B
013456,DA4985F93FE04AF2936C423F6452DCCA,119,stg13-14,lateral,11,20120907/013456~B
013456,DA4985F93FE04AF2936C423F6452DCCA,120,stg9-10,oblique-lateral,10,20120907/013456~B
013456,DA4985F93FE04AF2936C423F6452DCCA,121,,oblique-lateral,6,20120907/013456~B
013456,DA4985F93FE04AF2936C423F6452DCCA,122,stg4-6,lateral,5,20120907/013456~B
013456,DA4985F93FE04AF2936C423F6452DCCA,123,stg13-14,oblique-dorsal,4,20120907/013456~B
013456,DA4985F93FE04AF2936C423F6452DCCA,124,stg13-14,oblique-dorsal,3,20120907/013456~B
013456,DA4985F93FE04AF2936C423F6452DCCA,125,stg4-6,lateral,475,20120907/013456~B
013456,DA4985F93FE04AF2936C423F6452DCCA,126,stg15-16,oblique-dorsal,474,20120907/013456~B
013456,DA4985F93FE04AF2936C423F6452DCCA,127,stg15-16,dorsal,470,20120907/013456~B
013456,DA4985F93FE04AF2936C423F6452DCCA,128,stg11-12,lateral,469,20120907/013456~B
013456,DA4985F93FE04AF2936C423F6452DCCA,129,stg9-10,oblique-lateral,465,20120907/013456~B
013456,DA4985F93FE04AF2936C423F6452DCCA,130,stg4-6,oblique-dorsal,461,20120907/013456~B
013456,DA4985F93FE04AF2936C423F6452DCCA,131,stg11-12,lateral,462,20120907/013456~B
013456,DA4985F93FE04AF2936C423F6452DCCA,132,stg1-3,oblique-lateral,459,20120907/013456~B
013456,DA4985F93FE04AF2936C423F6452DCCA,133,stg7-8,oblique-lateral,458,20120907/013456~B
013456,DA4985F93FE04AF2936C423F6452DCCA,134,stg15-16,oblique-lateral,457,20120907/013456~B
013456,DA4985F93FE04AF2936C423F6452DCCA,135,stg9-10,oblique-dorsal,456,20120907/013456~B
013456,DA4985F93FE04AF2936C423F6452DCCA,136,stg11-12,dorsal,455,20120907/013456~B
013456,DA4985F93FE04AF2936C423F6452DCCA,137,stg15-16,oblique-lateral,454,20120907/013456~B
013456,DA4985F93FE04AF2936C423F6452DCCA,138,stg7-8,lateral,453,20120907/013456~B
013456,DA4985F93FE04AF2936C423F6452DCCA,139,stg11-12,oblique-dorsal,452,20120907/013456~B
013456,DA4985F93FE04AF2936C423F6452DCCA,140,stg15-16,dorsal,449,20120907/013456~B
013456,DA4985F93FE04AF2936C423F6452DCCA,141,stg13-14,oblique-lateral,450,20120907/013456~B
013456,DA4985F93FE04AF2936C423F6452DCCA,142,stg13-14,dorsal,451,20120907/013456~B
013456,DA4985F93FE04AF2936C423F6452DCCA,143,stg11-12,dorsal,446,20120907/013456~B
013456,DA4985F93FE04AF2936C423F6452DCCA,144,stg11-12,lateral,444,20120907/013456~B
013456,DA4985F93FE04AF2936C423F6452DCCA,145,stg11-12,lateral,445,20120907/013456~B
013456,DA4985F93FE04AF2936C423F6452DCCA,146,stg13-14,lateral,443,20120907/013456~B
013456,DA4985F93FE04AF2936C423F6452DCCA,147,stg13-14,oblique-dorsal,442,20120907/013456~B
013456,DA4985F93FE04AF2936C423F6452DCCA,148,stg11-12,oblique-lateral,438,20120907/013456~B
013456,DA4985F93FE04AF2936C423F6452DCCA,149,stg13-14,oblique-lateral,437,20120907/013456~B
013456,DA4985F93FE04AF2936C423F6452DCCA,150,stg13-14,lateral,431,20120907/013456~B
013456,DA4985F93FE04AF2936C423F6452DCCA,151,stg7-8,oblique-dorsal,433,20120907/013456~B
013456,DA4985F93FE04AF2936C423F6452DCCA,152,stg11-12,oblique-dorsal,432,20120907/013456~B
013456,DA4985F93FE04AF2936C423F6452DCCA,153,stg13-14,dorsal,429,20120907/013456~B
013456,DA4985F93FE04AF2936C423F6452DCCA,154,stg15-16,oblique-dorsal,427,20120907/013456~B
013456,DA4985F93FE04AF2936C423F6452DCCA,155,stg11-12,dorsal,428,20120907/013456~B
013456,DA4985F93FE04AF2936C423F6452DCCA,156,stg15-16,oblique-dorsal,425,20120907/013456~B
013456,DA4985F93FE04AF2936C423F6452DCCA,157,stg9-10,lateral,424,20120907/013456~B
013456,DA4985F93FE04AF2936C423F6452DCCA,158,stg11-12,oblique-dorsal,423,20120907/013456~B
013456,DA4985F93FE04AF2936C423F6452DCCA,159,stg13-14,oblique-lateral,419,20120907/013456~B
013456,DA4985F93FE04AF2936C423F6452DCCA,160,stg13-14,dorsal,420,20120907/013456~B
013456,DA4985F93FE04AF2936C423F6452DCCA,161,stg13-14,dorsal,418,20120907/013456~B
013456,DA4985F93FE04AF2936C423F6452DCCA,162,damaged,oblique-lateral,417,20120907/013456~B
013456,DA4985F93FE04AF2936C423F6452DCCA,163,stg15-16,oblique-dorsal,416,20120907/013456~B
013456,DA4985F93FE04AF2936C423F6452DCCA,164,damaged,,415,20120907/013456~B
013456,DA4985F93FE04AF2936C423F6452DCCA,165,stg13-14,dorsal,414,20120907/013456~B
013456,DA4985F93FE04AF2936C423F6452DCCA,166,stg13-14,lateral,412,20120907/013456~B
013456,DA4985F93FE04AF2936C423F6452DCCA,167,stg13-14,lateral,413,20120907/013456~B
013456,DA4985F93FE04AF2936C423F6452DCCA,168,stg13-14,dorsal,411,20120907/013456~B
013456,DA4985F93FE04AF2936C423F6452DCCA,169,stg4-6,oblique-dorsal,409,20120907/013456~B
013456,DA4985F93FE04AF2936C423F6452DCCA,170,stg11-12,oblique-lateral,406,20120907/013456~B
013456,DA4985F93FE04AF2936C423F6452DCCA,171,stg13-14,lateral,405,20120907/013456~B
013456,DA4985F93FE04AF2936C423F6452DCCA,172,stg15-16,oblique-dorsal,404,20120907/013456~B
013456,DA4985F93FE04AF2936C423F6452DCCA,173,stg13-14,oblique-lateral,403,20120907/013456~B
013456,DA4985F93FE04AF2936C423F6452DCCA,174,stg15-16,oblique-dorsal,402,20120907/013456~B
013456,DA4985F93FE04AF2936C423F6452DCCA,175,stg1-3,oblique-dorsal,401,20120907/013456~B
013456,DA4985F93FE04AF2936C423F6452DCCA,176,stg13-14,lateral,400,20120907/013456~B
013456,DA4985F93FE04AF2936C423F6452DCCA,177,stg15-16,lateral,399,20120907/013456~B
013456,DA4985F93FE04AF2936C423F6452DCCA,178,stg15-16,oblique-lateral,397,20120907/013456~B
013456,DA4985F93FE04AF2936C423F6452DCCA,179,stg15-16,lateral,398,20120907/013456~B
013456,DA4985F93FE04AF2936C423F6452DCCA,180,stg15-16,lateral,396,20120907/013456~B
013456,DA4985F93FE04AF2936C423F6452DCCA,181,stg13-14,lateral,391,20120907/013456~B
013456,DA4985F93FE04AF2936C423F6452DCCA,182,stg11-12,dorsal,392,20120907/013456~B
013456,DA4985F93FE04AF2936C423F6452DCCA,183,stg13-14,dorsal,393,20120907/013456~B
013456,DA4985F93FE04AF2936C423F6452DCCA,184,stg15-16,lateral,390,20120907/013456~B
013456,DA4985F93FE04AF2936C423F6452DCCA,185,stg11-12,oblique-dorsal,389,20120907/013456~B
013456,DA4985F93FE04AF2936C423F6452DCCA,186,stg13-14,oblique-lateral,388,20120907/013456~B
013456,DA4985F93FE04AF2936C423F6452DCCA,187,stg11-12,lateral,387,20120907/013456~B
013456,DA4985F93FE04AF2936C423F6452DCCA,188,stg13-14,dorsal,386,20120907/013456~B
013456,DA4985F93FE04AF2936C423F6452DCCA,189,stg13-14,oblique-lateral,384,20120907/013456~B
013456,DA4985F93FE04AF2936C423F6452DCCA,190,stg13-14,oblique-lateral,385,20120907/013456~B
013456,DA4985F93FE04AF2936C423F6452DCCA,191,stg13-14,oblique-lateral,381,20120907/013456~B
013456,DA4985F93FE04AF2936C423F6452DCCA,192,damaged,dorsal,380,20120907/013456~B
013456,DA4985F93FE04AF2936C423F6452DCCA,193,stg13-14,lateral,379,20120907/013456~B
013456,DA4985F93FE04AF2936C423F6452DCCA,194,stg13-14,oblique-dorsal,378,20120907/013456~B
013456,DA4985F93FE04AF2936C423F6452DCCA,195,stg15-16,oblique-dorsal,377,20120907/013456~B
013456,DA4985F93FE04AF2936C423F6452DCCA,196,stg15-16,oblique-lateral,376,20120907/013456~B
013456,DA4985F93FE04AF2936C423F6452DCCA,197,stg13-14,oblique-dorsal,375,20120907/013456~B
013456,DA4985F93FE04AF2936C423F6452DCCA,198,damaged,oblique-lateral,374,20120907/013456~B
013456,DA4985F93FE04AF2936C423F6452DCCA,199,stg9-10,lateral,372,20120907/013456~B
013456,DA4985F93FE04AF2936C423F6452DCCA,200,stg11-12,dorsal,373,20120907/013456~B
013456,DA4985F93FE04AF2936C423F6452DCCA,201,stg13-14,dorsal,371,20120907/013456~B
013456,DA4985F93FE04AF2936C423F6452DCCA,202,stg9-10,dorsal,370,20120907/013456~B
013456,DA4985F93FE04AF2936C423F6452DCCA,203,stg15-16,oblique-lateral,367,20120907/013456~B
013456,DA4985F93FE04AF2936C423F6452DCCA,204,stg7-8,oblique-lateral,366,20120907/013456~B
013456,DA4985F93FE04AF2936C423F6452DCCA,205,stg9-10,oblique-lateral,365,20120907/013456~B
013456,DA4985F93FE04AF2936C423F6452DCCA,206,stg9-10,oblique-lateral,363,20120907/013456~B
013456,DA4985F93FE04AF2936C423F6452DCCA,207,stg11-12,oblique-lateral,360,20120907/013456~B
013456,DA4985F93FE04AF2936C423F6452DCCA,208,stg9-10,dorsal,364,20120907/013456~B
013456,DA4985F93FE04AF2936C423F6452DCCA,209,stg11-12,dorsal,359,20120907/013456~B
013456,DA4985F93FE04AF2936C423F6452DCCA,210,stg11-12,dorsal,358,20120907/013456~B
013456,DA4985F93FE04AF2936C423F6452DCCA,211,stg15-16,oblique-dorsal,357,20120907/013456~B
013456,DA4985F93FE04AF2936C423F6452DCCA,212,stg13-14,lateral,356,20120907/013456~B
013456,DA4985F93FE04AF2936C423F6452DCCA,213,stg13-14,lateral,354,20120907/013456~B
013456,DA4985F93FE04AF2936C423F6452DCCA,214,stg11-12,dorsal,353,20120907/013456~B
013456,DA4985F93FE04AF2936C423F6452DCCA,215,stg15-16,oblique-lateral,355,20120907/013456~B
013456,DA4985F93FE04AF2936C423F6452DCCA,216,stg11-12,lateral,352,20120907/013456~B
013456,DA4985F93FE04AF2936C423F6452DCCA,217,stg9-10,oblique-dorsal,351,20120907/013456~B
013456,DA4985F93FE04AF2936C423F6452DCCA,218,stg11-12,oblique-dorsal,349,20120907/013456~B
013456,DA4985F93FE04AF2936C423F6452DCCA,219,stg11-12,lateral,350,20120907/013456~B
013456,DA4985F93FE04AF2936C423F6452DCCA,220,stg13-14,oblique-lateral,348,20120907/013456~B
013456,DA4985F93FE04AF2936C423F6452DCCA,221,stg15-16,dorsal,344,20120907/013456~B
013456,DA4985F93FE04AF2936C423F6452DCCA,222,stg9-10,dorsal,345,20120907/013456~B
013456,DA4985F93FE04AF2936C423F6452DCCA,223,stg15-16,oblique-lateral,346,20120907/013456~B
013456,DA4985F93FE04AF2936C423F6452DCCA,224,stg15-16,oblique-dorsal,347,20120907/013456~B
013456,DA4985F93FE04AF2936C423F6452DCCA,225,stg4-6,oblique-lateral,341,20120907/013456~B
013456,DA4985F93FE04AF2936C423F6452DCCA,226,stg11-12,lateral,340,20120907/013456~B
013456,DA4985F93FE04AF2936C423F6452DCCA,227,stg9-10,oblique-dorsal,339,20120907/013456~B
013456,DA4985F93FE04AF2936C423F6452DCCA,228,stg11-12,lateral,336,20120907/013456~B
013456,DA4985F93FE04AF2936C423F6452DCCA,229,stg15-16,oblique-dorsal,338,20120907/013456~B
013456,DA4985F93FE04AF2936C423F6452DCCA,230,stg15-16,oblique-lateral,335,20120907/013456~B
013456,DA4985F93FE04AF2936C423F6452DCCA,231,stg15-16,oblique-dorsal,337,20120907/013456~B
013456,DA4985F93FE04AF2936C423F6452DCCA,232,stg13-14,lateral,334,20120907/013456~B
013456,DA4985F93FE04AF2936C423F6452DCCA,233,stg9-10,dorsal,333,20120907/013456~B
013456,DA4985F93FE04AF2936C423F6452DCCA,234,stg9-10,oblique-lateral,332,20120907/013456~B
013456,DA4985F93FE04AF2936C423F6452DCCA,235,stg11-12,dorsal,331,20120907/013456~B
013456,DA4985F93FE04AF2936C423F6452DCCA,236,damaged,lateral,330,20120907/013456~B
013456,DA4985F93FE04AF2936C423F6452DCCA,237,stg11-12,oblique-dorsal,328,20120907/013456~B
013456,DA4985F93FE04AF2936C423F6452DCCA,238,stg13-14,oblique-dorsal,327,20120907/013456~B
013456,DA4985F93FE04AF2936C423F6452DCCA,239,stg15-16,oblique-lateral,329,20120907/013456~B
013456,DA4985F93FE04AF2936C423F6452DCCA,240,stg13-14,dorsal,326,20120907/013456~B
013456,DA4985F93FE04AF2936C423F6452DCCA,241,stg13-14,oblique-lateral,325,20120907/013456~B
013456,DA4985F93FE04AF2936C423F6452DCCA,242,stg9-10,oblique-dorsal,323,20120907/013456~B
013456,DA4985F93FE04AF2936C423F6452DCCA,243,stg4-6,dorsal,322,20120907/013456~B
013456,DA4985F93FE04AF2936C423F6452DCCA,244,stg15-16,oblique-dorsal,324,20120907/013456~B
013456,DA4985F93FE04AF2936C423F6452DCCA,245,,oblique-lateral,319,20120907/013456~B
013456,DA4985F93FE04AF2936C423F6452DCCA,246,stg15-16,oblique-dorsal,318,20120907/013456~B
013456,DA4985F93FE04AF2936C423F6452DCCA,247,stg13-14,dorsal,317,20120907/013456~B
013456,DA4985F93FE04AF2936C423F6452DCCA,248,stg15-16,oblique-dorsal,316,20120907/013456~B
013456,DA4985F93FE04AF2936C423F6452DCCA,250,stg13-14,lateral,312,20120907/013456~B
013456,DA4985F93FE04AF2936C423F6452DCCA,251,,oblique-lateral,315,20120907/013456~B
013456,DA4985F93FE04AF2936C423F6452DCCA,252,stg15-16,oblique-lateral,313,20120907/013456~B
013456,DA4985F93FE04AF2936C423F6452DCCA,253,stg13-14,lateral,314,20120907/013456~B
013456,DA4985F93FE04AF2936C423F6452DCCA,254,stg13-14,oblique-dorsal,310,20120907/013456~B
013456,DA4985F93FE04AF2936C423F6452DCCA,255,stg15-16,oblique-dorsal,309,20120907/013456~B
013456,DA4985F93FE04AF2936C423F6452DCCA,256,stg13-14,dorsal,308,20120907/013456~B
013456,DA4985F93FE04AF2936C423F6452DCCA,257,stg11-12,lateral,306,20120907/013456~B
013456,DA4985F93FE04AF2936C423F6452DCCA,258,stg13-14,oblique-lateral,305,20120907/013456~B
013456,DA4985F93FE04AF2936C423F6452DCCA,259,stg15-16,oblique-dorsal,307,20120907/013456~B
013456,DA4985F93FE04AF2936C423F6452DCCA,260,stg15-16,oblique-dorsal,304,20120907/013456~B
013456,DA4985F93FE04AF2936C423F6452DCCA,261,stg13-14,lateral,301,20120907/013456~B
013456,DA4985F93FE04AF2936C423F6452DCCA,262,stg11-12,lateral,296,20120907/013456~B
013456,DA4985F93FE04AF2936C423F6452DCCA,263,stg11-12,oblique-lateral,295,20120907/013456~B
013456,DA4985F93FE04AF2936C423F6452DCCA,264,unfertilized,dorsal,297,20120907/013456~B
013456,DA4985F93FE04AF2936C423F6452DCCA,265,stg13-14,dorsal,298,20120907/013456~B
013456,DA4985F93FE04AF2936C423F6452DCCA,266,stg15-16,oblique-dorsal,294,20120907/013456~B
013456,DA4985F93FE04AF2936C423F6452DCCA,267,stg11-12,oblique-lateral,290,20120907/013456~B
013456,DA4985F93FE04AF2936C423F6452DCCA,268,stg13-14,oblique-dorsal,291,20120907/013456~B
013456,DA4985F93FE04AF2936C423F6452DCCA,269,stg13-14,lateral,288,20120907/013456~B
013456,DA4985F93FE04AF2936C423F6452DCCA,270,stg13-14,oblique-lateral,289,20120907/013456~B
013456,DA4985F93FE04AF2936C423F6452DCCA,271,stg15-16,oblique-dorsal,285,20120907/013456~B
013456,DA4985F93FE04AF2936C423F6452DCCA,272,stg11-12,oblique-lateral,284,20120907/013456~B
013456,DA4985F93FE04AF2936C423F6452DCCA,273,stg15-16,dorsal,281,20120907/013456~B
013456,DA4985F93FE04AF2936C423F6452DCCA,275,stg15-16,dorsal,280,20120907/013456~B
013456,DA4985F93FE04AF2936C423F6452DCCA,276,stg15-16,oblique-lateral,279,20120907/013456~B
013456,DA4985F93FE04AF2936C423F6452DCCA,277,stg15-16,oblique-dorsal,278,20120907/013456~B
013456,DA4985F93FE04AF2936C423F6452DCCA,278,stg11-12,dorsal,275,20120907/013456~B
013456,DA4985F93FE04AF2936C423F6452DCCA,279,stg11-12,oblique-dorsal,272,20120907/013456~B
013456,DA4985F93FE04AF2936C423F6452DCCA,280,stg9-10,oblique-dorsal,271,20120907/013456~B
013456,DA4985F93FE04AF2936C423F6452DCCA,281,stg11-12,oblique-dorsal,269,20120907/013456~B
013456,DA4985F93FE04AF2936C423F6452DCCA,282,stg13-14,lateral,270,20120907/013456~B
013456,DA4985F93FE04AF2936C423F6452DCCA,283,stg13-14,lateral,268,20120907/013456~B
013456,DA4985F93FE04AF2936C423F6452DCCA,284,stg13-14,lateral,266,20120907/013456~B
013456,DA4985F93FE04AF2936C423F6452DCCA,286,stg4-6,lateral,267,20120907/013456~B
013456,DA4985F93FE04AF2936C423F6452DCCA,287,damaged,oblique-dorsal,265,20120907/013456~B
013456,DA4985F93FE04AF2936C423F6452DCCA,288,stg11-12,oblique-lateral,261,20120907/013456~B
013456,DA4985F93FE04AF2936C423F6452DCCA,289,stg9-10,oblique-lateral,264,20120907/013456~B
013456,DA4985F93FE04AF2936C423F6452DCCA,290,stg15-16,oblique-lateral,259,20120907/013456~B
013456,DA4985F93FE04AF2936C423F6452DCCA,291,stg13-14,lateral,260,20120907/013456~B
013456,DA4985F93FE04AF2936C423F6452DCCA,292,stg9-10,lateral,258,20120907/013456~B
013456,DA4985F93FE04AF2936C423F6452DCCA,293,stg9-10,lateral,257,20120907/013456~B
013456,DA4985F93FE04AF2936C423F6452DCCA,294,stg9-10,oblique-dorsal,254,20120907/013456~B
013456,DA4985F93FE04AF2936C423F6452DCCA,295,stg11-12,dorsal,255,20120907/013456~B
013456,DA4985F93FE04AF2936C423F6452DCCA,296,stg11-12,oblique-dorsal,253,20120907/013456~B
013456,DA4985F93FE04AF2936C423F6452DCCA,297,stg15-16,oblique-lateral,252,20120907/013456~B
013456,DA4985F93FE04AF2936C423F6452DCCA,298,stg9-10,dorsal,249,20120907/013456~B
013456,DA4985F93FE04AF2936C423F6452DCCA,299,stg13-14,dorsal,251,20120907/013456~B
013456,DA4985F93FE04AF2936C423F6452DCCA,300,stg11-12,lateral,250,20120907/013456~B
013456,DA4985F93FE04AF2936C423F6452DCCA,301,stg13-14,oblique-dorsal,247,20120907/013456~B
013456,DA4985F93FE04AF2936C423F6452DCCA,302,stg7-8,dorsal,248,20120907/013456~B
013456,DA4985F93FE04AF2936C423F6452DCCA,303,stg13-14,oblique-dorsal,246,20120907/013456~B
013456,DA4985F93FE04AF2936C423F6452DCCA,304,stg9-10,lateral,244,20120907/013456~B
013456,DA4985F93FE04AF2936C423F6452DCCA,305,stg9-10,oblique-dorsal,245,20120907/013456~B
013456,DA4985F93FE04AF2936C423F6452DCCA,306,stg11-12,oblique-lateral,243,20120907/013456~B
013456,DA4985F93FE04AF2936C423F6452DCCA,307,stg13-14,lateral,242,20120907/013456~B
013456,DA4985F93FE04AF2936C423F6452DCCA,308,stg13-14,dorsal,238,20120907/013456~B
013456,DA4985F93FE04AF2936C423F6452DCCA,309,stg11-12,lateral,239,20120907/013456~B
013456,DA4985F93FE04AF2936C423F6452DCCA,310,stg4-6,oblique-dorsal,237,20120907/013456~B
013456,DA4985F93FE04AF2936C423F6452DCCA,311,stg13-14,oblique-lateral,231,20120907/013456~B
013456,DA4985F93FE04AF2936C423F6452DCCA,312,stg13-14,lateral,236,20120907/013456~B
013456,DA4985F93FE04AF2936C423F6452DCCA,313,stg11-12,dorsal,233,20120907/013456~B
013456,DA4985F93FE04AF2936C423F6452DCCA,314,stg13-14,dorsal,232,20120907/013456~B
013456,DA4985F93FE04AF2936C423F6452DCCA,316,stg15-16,oblique-dorsal,230,20120907/013456~B
013456,DA4985F93FE04AF2936C423F6452DCCA,317,stg13-14,oblique-dorsal,229,20120907/013456~B
013456,DA4985F93FE04AF2936C423F6452DCCA,318,stg11-12,lateral,227,20120907/013456~B
013456,DA4985F93FE04AF2936C423F6452DCCA,319,stg13-14,lateral,228,20120907/013456~B
013456,DA4985F93FE04AF2936C423F6452DCCA,320,stg15-16,oblique-dorsal,226,20120907/013456~B
013456,DA4985F93FE04AF2936C423F6452DCCA,322,stg9-10,dorsal,225,20120907/013456~B
013456,DA4985F93FE04AF2936C423F6452DCCA,323,stg13-14,oblique-dorsal,224,20120907/013456~B
013456,DA4985F93FE04AF2936C423F6452DCCA,324,stg15-16,oblique-lateral,223,20120907/013456~B
013456,DA4985F93FE04AF2936C423F6452DCCA,325,stg13-14,lateral,222,20120907/013456~B
013456,DA4985F93FE04AF2936C423F6452DCCA,326,stg13-14,dorsal,221,20120907/013456~B
013456,DA4985F93FE04AF2936C423F6452DCCA,327,stg9-10,lateral,220,20120907/013456~B
013456,DA4985F93FE04AF2936C423F6452DCCA,328,stg13-14,lateral,219,20120907/013456~B
013456,DA4985F93FE04AF2936C423F6452DCCA,329,stg7-8,lateral,217,20120907/013456~B
013456,DA4985F93FE04AF2936C423F6452DCCA,330,stg15-16,oblique-dorsal,214,20120907/013456~B
013456,DA4985F93FE04AF2936C423F6452DCCA,331,stg15-16,dorsal,218,20120907/013456~B
013456,DA4985F93FE04AF2936C423F6452DCCA,332,stg4-6,oblique-lateral,213,20120907/013456~B
013456,DA4985F93FE04AF2936C423F6452DCCA,333,stg11-12,lateral,212,20120907/013456~B
013456,DA4985F93FE04AF2936C423F6452DCCA,334,stg1-3,dorsal,211,20120907/013456~B
013456,DA4985F93FE04AF2936C423F6452DCCA,335,stg11-12,dorsal,210,20120907/013456~B
013456,DA4985F93FE04AF2936C423F6452DCCA,336,stg11-12,lateral,207,20120907/013456~B
013456,DA4985F93FE04AF2936C423F6452DCCA,337,stg15-16,dorsal,206,20120907/013456~B
013456,DA4985F93FE04AF2936C423F6452DCCA,338,stg11-12,lateral,203,20120907/013456~B
013456,DA4985F93FE04AF2936C423F6452DCCA,339,stg13-14,oblique-dorsal,202,20120907/013456~B
013456,DA4985F93FE04AF2936C423F6452DCCA,340,stg15-16,oblique-lateral,201,20120907/013456~B
013456,DA4985F93FE04AF2936C423F6452DCCA,341,damaged,dorsal,200,20120907/013456~B
013456,DA4985F93FE04AF2936C423F6452DCCA,342,stg11-12,dorsal,197,20120907/013456~B
013456,DA4985F93FE04AF2936C423F6452DCCA,343,stg15-16,oblique-lateral,194,20120907/013456~B
013456,DA4985F93FE04AF2936C423F6452DCCA,344,stg9-10,lateral,196,20120907/013456~B
013456,DA4985F93FE04AF2936C423F6452DCCA,345,stg15-16,oblique-lateral,195,20120907/013456~B
013456,DA4985F93FE04AF2936C423F6452DCCA,346,stg4-6,oblique-lateral,193,20120907/013456~B
013456,DA4985F93FE04AF2936C423F6452DCCA,347,stg15-16,oblique-lateral,192,20120907/013456~B
013456,DA4985F93FE04AF2936C423F6452DCCA,348,stg9-10,oblique-dorsal,186,20120907/013456~B
013456,DA4985F93FE04AF2936C423F6452DCCA,349,stg15-16,oblique-lateral,187,20120907/013456~B
013456,DA4985F93FE04AF2936C423F6452DCCA,350,stg13-14,dorsal,184,20120907/013456~B
013456,DA4985F93FE04AF2936C423F6452DCCA,351,stg13-14,lateral,181,20120907/013456~B
013456,DA4985F93FE04AF2936C423F6452DCCA,352,stg13-14,oblique-dorsal,185,20120907/013456~B
013456,DA4985F93FE04AF2936C423F6452DCCA,353,stg11-12,oblique-dorsal,180,20120907/013456~B
013456,DA4985F93FE04AF2936C423F6452DCCA,354,stg11-12,lateral,178,20120907/013456~B
013456,DA4985F93FE04AF2936C423F6452DCCA,355,stg7-8,oblique-lateral,179,20120907/013456~B
013456,DA4985F93FE04AF2936C423F6452DCCA,356,stg7-8,oblique-lateral,177,20120907/013456~B
013456,DA4985F93FE04AF2936C423F6452DCCA,357,stg4-6,lateral,176,20120907/013456~B
013456,DA4985F93FE04AF2936C423F6452DCCA,358,stg11-12,lateral,175,20120907/013456~B
013456,DA4985F93FE04AF2936C423F6452DCCA,359,stg9-10,lateral,173,20120907/013456~B
013456,DA4985F93FE04AF2936C423F6452DCCA,360,stg13-14,dorsal,174,20120907/013456~B
013456,DA4985F93FE04AF2936C423F6452DCCA,361,stg15-16,dorsal,170,20120907/013456~B
013456,DA4985F93FE04AF2936C423F6452DCCA,362,stg13-14,lateral,169,20120907/013456~B
013456,DA4985F93FE04AF2936C423F6452DCCA,363,stg11-12,lateral,166,20120907/013456~B
013456,DA4985F93FE04AF2936C423F6452DCCA,364,stg13-14,oblique-lateral,165,20120907/013456~B
013456,DA4985F93FE04AF2936C423F6452DCCA,365,stg15-16,oblique-dorsal,164,20120907/013456~B
013456,DA4985F93FE04AF2936C423F6452DCCA,366,stg13-14,oblique-dorsal,163,20120907/013456~B
013456,DA4985F93FE04AF2936C423F6452DCCA,367,stg11-12,oblique-lateral,162,20120907/013456~B
013456,DA4985F93FE04AF2936C423F6452DCCA,368,stg15-16,dorsal,161,20120907/013456~B
013456,DA4985F93FE04AF2936C423F6452DCCA,369,stg11-12,dorsal,160,20120907/013456~B
013456,DA4985F93FE04AF2936C423F6452DCCA,370,stg13-14,oblique-dorsal,159,20120907/013456~B
013456,DA4985F93FE04AF2936C423F6452DCCA,371,stg15-16,oblique-lateral,155,20120907/013456~B
013456,DA4985F93FE04AF2936C423F6452DCCA,373,stg9-10,lateral,156,20120907/013456~B
013456,DA4985F93FE04AF2936C423F6452DCCA,374,stg9-10,oblique-lateral,152,20120907/013456~B
013456,DA4985F93FE04AF2936C423F6452DCCA,375,stg15-16,oblique-dorsal,154,20120907/013456~B
013456,DA4985F93FE04AF2936C423F6452DCCA,376,stg11-12,dorsal,153,20120907/013456~B
013456,DA4985F93FE04AF2936C423F6452DCCA,377,stg11-12,oblique-lateral,151,20120907/013456~B
013456,DA4985F93FE04AF2936C423F6452DCCA,378,stg15-16,oblique-lateral,150,20120907/013456~B
013456,DA4985F93FE04AF2936C423F6452DCCA,379,stg11-12,oblique-lateral,149,20120907/013456~B
013456,DA4985F93FE04AF2936C423F6452DCCA,380,stg4-6,oblique-lateral,148,20120907/013456~B
013456,DA4985F93FE04AF2936C423F6452DCCA,381,stg13-14,dorsal,147,20120907/013456~B
013456,DA4985F93FE04AF2936C423F6452DCCA,382,stg9-10,dorsal,146,20120907/013456~B
013456,DA4985F93FE04AF2936C423F6452DCCA,383,stg15-16,oblique-lateral,140,20120907/013456~B
013456,DA4985F93FE04AF2936C423F6452DCCA,384,stg4-6,oblique-dorsal,142,20120907/013456~B
013456,DA4985F93FE04AF2936C423F6452DCCA,385,stg13-14,lateral,141,20120907/013456~B
013456,DA4985F93FE04AF2936C423F6452DCCA,386,stg11-12,oblique-lateral,139,20120907/013456~B
013456,DA4985F93FE04AF2936C423F6452DCCA,387,stg13-14,dorsal,135,20120907/013456~B
013456,DA4985F93FE04AF2936C423F6452DCCA,388,stg11-12,oblique-dorsal,136,20120907/013456~B
013456,DA4985F93FE04AF2936C423F6452DCCA,389,stg13-14,lateral,134,20120907/013456~B
013456,DA4985F93FE04AF2936C423F6452DCCA,390,stg15-16,dorsal,132,20120907/013456~B
013456,DA4985F93FE04AF2936C423F6452DCCA,391,stg13-14,lateral,133,20120907/013456~B
013456,DA4985F93FE04AF2936C423F6452DCCA,392,stg11-12,dorsal,130,20120907/013456~B
013456,DA4985F93FE04AF2936C423F6452DCCA,393,stg13-14,oblique-lateral,131,20120907/013456~B
013456,DA4985F93FE04AF2936C423F6452DCCA,394,stg4-6,dorsal,126,20120907/013456~B
013456,DA4985F93FE04AF2936C423F6452DCCA,395,stg13-14,oblique-dorsal,125,20120907/013456~B
013456,DA4985F93FE04AF2936C423F6452DCCA,396,stg9-10,dorsal,124,20120907/013456~B
013456,DA4985F93FE04AF2936C423F6452DCCA,397,stg9-10,oblique-lateral,121,20120907/013456~B
013456,DA4985F93FE04AF2936C423F6452DCCA,398,stg11-12,lateral,120,20120907/013456~B
013456,DA4985F93FE04AF2936C423F6452DCCA,399,stg13-14,oblique-lateral,119,20120907/013456~B
013456,DA4985F93FE04AF2936C423F6452DCCA,400,stg11-12,oblique-lateral,118,20120907/013456~B
013456,DA4985F93FE04AF2936C423F6452DCCA,401,stg13-14,lateral,117,20120907/013456~B
013456,DA4985F93FE04AF2936C423F6452DCCA,402,stg13-14,oblique-lateral,116,20120907/013456~B
013456,DA4985F93FE04AF2936C423F6452DCCA,403,stg13-14,oblique-dorsal,114,20120907/013456~B
013456,DA4985F93FE04AF2936C423F6452DCCA,404,stg4-6,lateral,115,20120907/013456~B
013456,DA4985F93FE04AF2936C423F6452DCCA,405,stg7-8,oblique-lateral,113,20120907/013456~B
013456,DA4985F93FE04AF2936C423F6452DCCA,406,stg15-16,oblique-lateral,112,20120907/013456~B
013456,DA4985F93FE04AF2936C423F6452DCCA,407,stg9-10,oblique-dorsal,111,20120907/013456~B
013456,DA4985F93FE04AF2936C423F6452DCCA,408,stg15-16,dorsal,110,20120907/013456~B
013456,DA4985F93FE04AF2936C423F6452DCCA,409,stg15-16,oblique-dorsal,108,20120907/013456~B
013456,DA4985F93FE04AF2936C423F6452DCCA,410,stg13-14,lateral,109,20120907/013456~B
013456,DA4985F93FE04AF2936C423F6452DCCA,411,unfertilized,lateral,107,20120907/013456~B
013456,DA4985F93FE04AF2936C423F6452DCCA,412,,oblique-lateral,106,20120907/013456~B
013456,DA4985F93FE04AF2936C423F6452DCCA,413,stg15-16,dorsal,105,20120907/013456~B
013456,DA4985F93FE04AF2936C423F6452DCCA,414,stg9-10,dorsal,103,20120907/013456~B
013456,DA4985F93FE04AF2936C423F6452DCCA,415,stg15-16,oblique-dorsal,102,20120907/013456~B
013456,DA4985F93FE04AF2936C423F6452DCCA,416,stg15-16,oblique-dorsal,104,20120907/013456~B
013456,DA4985F93FE04AF2936C423F6452DCCA,417,stg11-12,lateral,101,20120907/013456~B
013456,DA4985F93FE04AF2936C423F6452DCCA,418,stg11-12,lateral,97,20120907/013456~B
013456,DA4985F93FE04AF2936C423F6452DCCA,419,stg1-3,oblique-lateral,96,20120907/013456~B
013456,DA4985F93FE04AF2936C423F6452DCCA,420,stg13-14,oblique-lateral,94,20120907/013456~B
013456,DA4985F93FE04AF2936C423F6452DCCA,421,stg13-14,lateral,95,20120907/013456~B
013456,DA4985F93FE04AF2936C423F6452DCCA,422,stg15-16,dorsal,93,20120907/013456~B
013456,DA4985F93FE04AF2936C423F6452DCCA,423,stg13-14,lateral,91,20120907/013456~B
013456,DA4985F93FE04AF2936C423F6452DCCA,424,stg4-6,oblique-lateral,90,20120907/013456~B
013456,DA4985F93FE04AF2936C423F6452DCCA,425,stg15-16,oblique-dorsal,89,20120907/013456~B
013456,DA4985F93FE04AF2936C423F6452DCCA,426,stg9-10,oblique-lateral,87,20120907/013456~B
013456,DA4985F93FE04AF2936C423F6452DCCA,427,stg15-16,oblique-dorsal,84,20120907/013456~B
013456,DA4985F93FE04AF2936C423F6452DCCA,428,,oblique-dorsal,85,20120907/013456~B
013456,DA4985F93FE04AF2936C423F6452DCCA,429,,oblique-lateral,81,20120907/013456~B
013456,DA4985F93FE04AF2936C423F6452DCCA,430,stg15-16,oblique-dorsal,82,20120907/013456~B
013456,DA4985F93FE04AF2936C423F6452DCCA,431,stg9-10,dorsal,83,20120907/013456~B
013456,DA4985F93FE04AF2936C423F6452DCCA,432,stg15-16,oblique-lateral,80,20120907/013456~B
013456,DA4985F93FE04AF2936C423F6452DCCA,433,stg11-12,lateral,77,20120907/013456~B
013456,DA4985F93FE04AF2936C423F6452DCCA,434,stg13-14,lateral,78,20120907/013456~B
013456,DA4985F93FE04AF2936C423F6452DCCA,435,stg15-16,oblique-dorsal,74,20120907/013456~B
013456,DA4985F93FE04AF2936C423F6452DCCA,436,stg11-12,oblique-lateral,76,20120907/013456~B
013456,DA4985F93FE04AF2936C423F6452DCCA,437,stg13-14,oblique-dorsal,73,20120907/013456~B
013456,DA4985F93FE04AF2936C423F6452DCCA,438,stg15-16,oblique-lateral,75,20120907/013456~B
013456,DA4985F93FE04AF2936C423F6452DCCA,439,stg4-6,oblique-lateral,72,20120907/013456~B
013456,DA4985F93FE04AF2936C423F6452DCCA,440,stg11-12,dorsal,70,20120907/013456~B
013456,DA4985F93FE04AF2936C423F6452DCCA,441,stg15-16,oblique-dorsal,71,20120907/013456~B
013456,DA4985F93FE04AF2936C423F6452DCCA,442,stg15-16,oblique-dorsal,68,20120907/013456~B
013456,DA4985F93FE04AF2936C423F6452DCCA,443,stg11-12,dorsal,69,20120907/013456~B
013456,DA4985F93FE04AF2936C423F6452DCCA,444,stg13-14,dorsal,65,20120907/013456~B
013456,DA4985F93FE04AF2936C423F6452DCCA,445,stg11-12,lateral,67,20120907/013456~B
013456,DA4985F93FE04AF2936C423F6452DCCA,446,stg15-16,dorsal,64,20120907/013456~B
013456,DA4985F93FE04AF2936C423F6452DCCA,447,stg13-14,lateral,66,20120907/013456~B
013456,DA4985F93FE04AF2936C423F6452DCCA,448,stg13-14,oblique-lateral,63,20120907/013456~B
013456,DA4985F93FE04AF2936C423F6452DCCA,449,stg15-16,lateral,61,20120907/013456~B
013456,DA4985F93FE04AF2936C423F6452DCCA,450,stg13-14,oblique-lateral,60,20120907/013456~B
013456,DA4985F93FE04AF2936C423F6452DCCA,451,stg15-16,oblique-dorsal,58,20120907/013456~B
013456,DA4985F93FE04AF2936C423F6452DCCA,452,stg11-12,dorsal,59,20120907/013456~B
013456,DA4985F93FE04AF2936C423F6452DCCA,453,stg11-12,lateral,56,20120907/013456~B
013456,DA4985F93FE04AF2936C423F6452DCCA,454,stg15-16,oblique-dorsal,55,20120907/013456~B
013456,DA4985F93FE04AF2936C423F6452DCCA,455,stg15-16,oblique-lateral,54,20120907/013456~B
013456,DA4985F93FE04AF2936C423F6452DCCA,456,stg11-12,oblique-dorsal,53,20120907/013456~B
013456,DA4985F93FE04AF2936C423F6452DCCA,457,stg7-8,oblique-dorsal,52,20120907/013456~B
013456,DA4985F93FE04AF2936C423F6452DCCA,458,stg13-14,dorsal,51,20120907/013456~B
013456,DA4985F93FE04AF2936C423F6452DCCA,459,stg4-6,lateral,50,20120907/013456~B
013456,DA4985F93FE04AF2936C423F6452DCCA,460,stg15-16,dorsal,47,20120907/013456~B
013456,DA4985F93FE04AF2936C423F6452DCCA,461,stg15-16,oblique-lateral,45,20120907/013456~B
013456,DA4985F93FE04AF2936C423F6452DCCA,462,stg15-16,dorsal,46,20120907/013456~B
013456,DA4985F93FE04AF2936C423F6452DCCA,463,stg13-14,lateral,44,20120907/013456~B
013456,DA4985F93FE04AF2936C423F6452DCCA,464,stg11-12,oblique-lateral,42,20120907/013456~B
013456,DA4985F93FE04AF2936C423F6452DCCA,465,stg11-12,dorsal,41,20120907/013456~B
013456,DA4985F93FE04AF2936C423F6452DCCA,466,stg13-14,dorsal,40,20120907/013456~B
013456,DA4985F93FE04AF2936C423F6452DCCA,467,stg13-14,oblique-dorsal,38,20120907/013456~B
013456,DA4985F93FE04AF2936C423F6452DCCA,468,stg15-16,oblique-dorsal,37,20120907/013456~B
013456,DA4985F93FE04AF2936C423F6452DCCA,469,stg13-14,lateral,36,20120907/013456~B
013456,DA4985F93FE04AF2936C423F6452DCCA,470,stg15-16,oblique-lateral,35,20120907/013456~B
013456,DA4985F93FE04AF2936C423F6452DCCA,471,stg15-16,oblique-dorsal,34,20120907/013456~B
013456,DA4985F93FE04AF2936C423F6452DCCA,472,stg11-12,lateral,33,20120907/013456~B
013456,DA4985F93FE04AF2936C423F6452DCCA,473,stg13-14,dorsal,32,20120907/013456~B
013456,DA4985F93FE04AF2936C423F6452DCCA,474,stg15-16,oblique-dorsal,31,20120907/013456~B
013456,DA4985F93FE04AF2936C423F6452DCCA,475,stg13-14,dorsal,28,20120907/013456~B
013456,DA4985F93FE04AF2936C423F6452DCCA,476,stg13-14,lateral,18,20120907/013456~B
013456,DA4985F93FE04AF2936C423F6452DCCA,477,stg15-16,lateral,27,20120907/013456~B
013456,DA4985F93FE04AF2936C423F6452DCCA,478,stg15-16,dorsal,26,20120907/013456~B
013456,DA4985F93FE04AF2936C423F6452DCCA,479,stg13-14,lateral,25,20120907/013456~B
013456,DA4985F93FE04AF2936C423F6452DCCA,480,stg15-16,oblique-dorsal,22,20120907/013456~B
013456,DA4985F93FE04AF2936C423F6452DCCA,481,stg11-12,lateral,17,20120907/013456~B
013456,DA4985F93FE04AF2936C423F6452DCCA,482,stg13-14,lateral,16,20120907/013456~B
013456,DA4985F93FE04AF2936C423F6452DCCA,483,stg15-16,oblique-dorsal,15,20120907/013456~B
013456,DA4985F93FE04AF2936C423F6452DCCA,484,stg13-14,lateral,14,20120907/013456~B
013456,DA4985F93FE04AF2936C423F6452DCCA,485,stg15-16,oblique-dorsal,9,20120907/013456~B
013456,DA4985F93FE04AF2936C423F6452DCCA,486,stg15-16,dorsal,8,20120907/013456~B
013456,DA4985F93FE04AF2936C423F6452DCCA,487,stg9-10,dorsal,7,20120907/013456~B
013456,DA4985F93FE04AF2936C423F6452DCCA,488,stg4-6,lateral,2,20120907/013456~B
013456,DA4985F93FE04AF2936C423F6452DCCA,489,,dorsal,1,20120907/013456~B
